Transect#,CoralProp,LdimAbund (cleaner wrasse abundance),FishAbund,FishRich
1,0.533333333,0,54.5,10
2,0.466666667,0,46.5,11.5
3,0.6,1,85.5,14
4,0.533333333,2,84,15.5
5,0.533333333,1.5,83.5,15
